                  epoch,         train/box_loss,         train/cls_loss,         train/dfl_loss,   metrics/precision(B),      metrics/recall(B),       metrics/mAP50(B),    metrics/mAP50-95(B),           val/box_loss,           val/cls_loss,           val/dfl_loss,                 lr/pg0,                 lr/pg1,                 lr/pg2
                      1,                   1.04,                 1.5689,                 1.0568,                0.90469,                0.83857,                0.87609,                0.67551,                0.93154,                0.96812,                 1.0164,              0.0033113,              0.0033113,              0.0033113
                      2,                 1.0095,                 1.2789,                 1.0431,                 0.9184,                0.82799,                0.87998,                0.67873,                0.93954,                 1.0058,                 1.0135,              0.0066314,              0.0066314,              0.0066314
                      3,                 1.1161,                 1.2635,                 1.0994,                0.80975,                0.82667,                0.83526,                 0.6468,                 0.9154,                 0.9795,                 1.0214,              0.0099384,              0.0099384,              0.0099384
                      4,                 1.1225,                  1.206,                 1.1054,                 0.8806,                0.78681,                0.83331,                0.60528,                 1.0792,                 1.0701,                  1.092,              0.0099406,              0.0099406,              0.0099406
                      5,                  1.134,                 1.1574,                  1.124,                0.82097,                 0.7374,                0.85044,                   0.65,                 1.0638,                 1.1637,                 1.0948,              0.0099406,              0.0099406,              0.0099406
                      6,                 1.1107,                  1.029,                 1.1198,                0.90255,                0.83893,                0.88518,                0.68453,                0.93137,                0.91887,                 1.0907,              0.0099208,              0.0099208,              0.0099208
                      7,                 1.1016,                 1.0048,                 1.1231,                0.82446,                 0.8217,                0.85053,                0.64531,                0.95249,                0.93865,                 1.0541,               0.009901,               0.009901,               0.009901
                      8,                 1.0715,                0.95908,                 1.1113,                0.86079,                0.81561,                0.88101,                0.67918,                0.94301,                0.88902,                 1.0637,              0.0098812,              0.0098812,              0.0098812
                      9,                 1.0753,                0.95185,                 1.1201,                0.87593,                0.87776,                0.88106,                0.69298,                0.89189,                0.78959,                 1.0537,              0.0098614,              0.0098614,              0.0098614
                     10,                  1.082,                0.98365,                 1.1348,                0.91247,                0.84064,                0.89623,                0.69356,                0.91152,                0.77204,                 1.0392,              0.0098416,              0.0098416,              0.0098416
                     11,                 1.0373,                0.87178,                 1.0927,                0.91126,                0.85365,                0.90078,                0.70167,                0.90019,                0.80216,                 1.0686,              0.0098218,              0.0098218,              0.0098218
                     12,                 1.0353,                0.88335,                 1.1165,                0.86994,                0.85603,                0.88012,                0.69405,                0.89585,                0.83244,                 1.0452,               0.009802,               0.009802,               0.009802
                     13,                 1.0244,                0.86285,                 1.0943,                0.84573,                0.84408,                0.87776,                0.68601,                0.91017,                0.84623,                 1.0721,              0.0097822,              0.0097822,              0.0097822
                     14,                 1.0299,                0.88172,                 1.1078,                0.91723,                0.86529,                0.90456,                0.70669,                0.88128,                0.75535,                  1.037,              0.0097624,              0.0097624,              0.0097624
                     15,                 1.0177,                0.83103,                 1.1092,                0.88459,                0.86046,                0.87544,                0.68465,                0.93939,                0.82346,                 1.0832,              0.0097426,              0.0097426,              0.0097426
                     16,                 1.0046,                0.80022,                 1.1088,                0.90908,                0.89664,                0.90436,                0.71649,                0.89862,                0.72432,                 1.0714,              0.0097228,              0.0097228,              0.0097228
                     17,                0.99052,                0.77171,                 1.0942,                0.92839,                0.87521,                0.91012,                0.71268,                0.90853,                0.76605,                 1.0625,               0.009703,               0.009703,               0.009703
                     18,                 1.0036,                0.85092,                 1.0943,                0.90925,                0.88092,                0.89508,                0.70099,                0.87962,                0.74217,                 1.0972,              0.0096832,              0.0096832,              0.0096832
                     19,                0.97759,                0.78168,                 1.1046,                0.91054,                0.89171,                0.91038,                0.71138,                0.89577,                0.71165,                 1.0757,              0.0096634,              0.0096634,              0.0096634
                     20,                 1.0018,                0.79159,                 1.1017,                0.93707,                0.80289,                 0.9089,                0.71714,                0.92023,                0.76444,                 1.0713,              0.0096436,              0.0096436,              0.0096436
                     21,                 1.0022,                0.75935,                 1.0962,                 0.9164,                0.89717,                0.90006,                0.72538,                0.85229,                0.70555,                 1.0793,              0.0096238,              0.0096238,              0.0096238
                     22,                0.98023,                0.72847,                 1.1039,                0.91454,                0.88436,                0.90216,                0.70257,                0.85698,                0.68107,                 1.0646,               0.009604,               0.009604,               0.009604
                     23,                0.97322,                0.73667,                 1.0859,                0.88605,                0.90301,                0.89912,                0.71775,                0.86452,                0.70486,                 1.0507,              0.0095842,              0.0095842,              0.0095842
                     24,                0.99249,                0.76086,                 1.1081,                0.89695,                0.89795,                0.90908,                 0.7216,                0.85027,                0.69045,                 1.0562,              0.0095644,              0.0095644,              0.0095644
                     25,                0.96333,                 0.7405,                 1.0913,                0.91175,                0.90078,                0.90989,                0.73084,                0.83824,                0.68874,                 1.0505,              0.0095446,              0.0095446,              0.0095446
                     26,                0.96749,                0.75318,                 1.0925,                0.89354,                0.90468,                0.90853,                0.71477,                0.85442,                0.67657,                 1.0603,              0.0095248,              0.0095248,              0.0095248
                     27,                0.95177,                0.71851,                 1.0908,                0.90439,                0.90826,                0.90621,                0.72586,                  0.849,                0.67776,                 1.0679,               0.009505,               0.009505,               0.009505
                     28,                0.96558,                0.72374,                 1.0994,                0.90256,                0.88909,                0.89461,                0.71903,                0.84714,                0.72455,                 1.0735,              0.0094852,              0.0094852,              0.0094852
                     29,                0.97335,                0.72757,                 1.1075,                0.92944,                0.88263,                0.90147,                0.71832,                0.84013,                0.69897,                 1.0703,              0.0094654,              0.0094654,              0.0094654
                     30,                  0.964,                0.71805,                 1.0943,                0.95361,                0.87591,                0.91232,                0.72772,                 0.8479,                0.66971,                 1.0763,              0.0094456,              0.0094456,              0.0094456
                     31,                0.93408,                0.68935,                 1.0751,                0.92314,                 0.9009,                0.91538,                0.73179,                0.85112,                0.65843,                 1.0775,              0.0094258,              0.0094258,              0.0094258
                     32,                0.92126,                0.68998,                 1.0808,                0.91577,                0.89332,                0.91361,                0.73441,                 0.8196,                0.67518,                 1.0662,               0.009406,               0.009406,               0.009406
                     33,                0.95879,                 0.7284,                 1.0959,                0.90755,                0.92991,                0.92156,                0.74245,                0.83962,                0.65711,                  1.072,              0.0093862,              0.0093862,              0.0093862
                     34,                0.94675,                0.71048,                 1.0918,                0.92068,                0.88092,                0.91936,                0.73569,                0.84351,                0.66392,                 1.0894,              0.0093664,              0.0093664,              0.0093664
                     35,                0.94876,                0.69391,                 1.0974,                 0.9639,                0.88408,                0.91955,                0.73953,                0.83638,                0.60743,                 1.0697,              0.0093466,              0.0093466,              0.0093466
                     36,                0.92533,                0.66233,                 1.0853,                0.90526,                0.91136,                0.91603,                0.73444,                 0.8339,                0.66756,                 1.0994,              0.0093268,              0.0093268,              0.0093268
                     37,                0.91497,                0.67545,                 1.0727,                0.91377,                0.89025,                0.91813,                0.73896,                0.83447,                0.62294,                 1.0834,               0.009307,               0.009307,               0.009307
                     38,                0.93144,                0.68483,                  1.088,                 0.9227,                0.92061,                0.91356,                 0.7247,                0.84217,                0.64454,                 1.0978,              0.0092872,              0.0092872,              0.0092872
                     39,                0.92089,                0.66893,                  1.077,                0.88738,                0.88297,                 0.9038,                0.71967,                0.90202,                0.70689,                 1.1262,              0.0092674,              0.0092674,              0.0092674
                     40,                0.93419,                0.69114,                 1.0818,                0.93281,                0.88863,                 0.9091,                0.72987,                0.83365,                 0.6504,                 1.0741,              0.0092476,              0.0092476,              0.0092476
                     41,                0.93695,                0.65279,                 1.0897,                 0.9281,                0.89211,                0.90963,                0.73607,                0.83781,                0.68171,                  1.062,              0.0092278,              0.0092278,              0.0092278
                     42,                0.89176,                0.63925,                 1.0604,                0.93646,                0.90472,                0.91259,                0.73377,                0.84985,                0.67969,                 1.0773,               0.009208,               0.009208,               0.009208
                     43,                0.89332,                0.66161,                 1.0676,                0.93525,                0.89332,                0.91552,                0.73474,                0.81392,                0.60965,                 1.0712,              0.0091882,              0.0091882,              0.0091882
                     44,                0.91024,                0.64337,                 1.0702,                0.94396,                0.89581,                0.91827,                0.73013,                0.82265,                0.60655,                 1.0645,              0.0091684,              0.0091684,              0.0091684
                     45,                0.90114,                  0.647,                 1.0717,                0.92311,                0.90578,                0.91742,                0.74345,                0.84543,                  0.644,                 1.0771,              0.0091486,              0.0091486,              0.0091486
                     46,                0.90564,                0.66397,                 1.0684,                0.92171,                0.90792,                0.92017,                0.73476,                0.83841,                0.62822,                  1.081,              0.0091288,              0.0091288,              0.0091288
                     47,                 0.9195,                0.65964,                 1.0832,                0.90754,                0.89183,                0.92038,                0.73817,                0.82384,                0.60526,                 1.1016,               0.009109,               0.009109,               0.009109
                     48,                0.89648,                0.63631,                 1.0748,                0.93969,                0.89887,                0.90937,                0.74214,                0.80672,                 0.6162,                 1.0628,              0.0090892,              0.0090892,              0.0090892
                     49,                0.90856,                0.65048,                 1.0571,                0.92069,                0.91416,                0.92274,                0.74596,                 0.8018,                0.58955,                 1.0643,              0.0090694,              0.0090694,              0.0090694
                     50,                0.89873,                0.61118,                 1.0566,                0.91612,                0.90926,                0.91614,                0.74523,                0.78171,                0.58811,                 1.0514,              0.0090496,              0.0090496,              0.0090496
                     51,                0.90429,                0.62771,                 1.0665,                0.91279,                0.91804,                0.91582,                 0.7374,                0.80929,                0.61267,                 1.0608,              0.0090298,              0.0090298,              0.0090298
                     52,                0.90117,                0.64424,                 1.0734,                 0.9128,                 0.9245,                0.91372,                0.72667,                0.84448,                0.60839,                 1.0877,                0.00901,                0.00901,                0.00901
                     53,                0.89401,                0.63393,                 1.0626,                0.92563,                0.91625,                 0.9175,                 0.7422,                0.80918,                0.58669,                 1.0759,              0.0089902,              0.0089902,              0.0089902
                     54,                0.89001,                 0.6614,                 1.0605,                0.96001,                 0.8978,                0.92265,                0.74995,                0.81132,                0.62776,                 1.0791,              0.0089704,              0.0089704,              0.0089704
                     55,                0.89292,                0.64852,                 1.0666,                0.92898,                0.90577,                0.91755,                0.74048,                0.82709,                 0.6084,                 1.0971,              0.0089506,              0.0089506,              0.0089506
                     56,                0.87758,                0.61993,                 1.0597,                0.92599,                0.91912,                0.91816,                0.74134,                0.81991,                0.60262,                 1.0628,              0.0089308,              0.0089308,              0.0089308
                     57,                0.89162,                0.64259,                  1.062,                0.93812,                0.90258,                0.92161,                0.74113,                0.80627,                0.58919,                 1.0686,               0.008911,               0.008911,               0.008911
                     58,                0.89235,                0.63815,                 1.0559,                0.94432,                0.90058,                0.92216,                 0.7451,                 0.8291,                0.58219,                 1.0633,              0.0088912,              0.0088912,              0.0088912
                     59,                0.88553,                0.64161,                 1.0522,                 0.9276,                0.88145,                0.92427,                0.74995,                 0.8003,                0.57164,                 1.0623,              0.0088714,              0.0088714,              0.0088714
                     60,                0.88323,                0.62869,                 1.0445,                0.92227,                0.90195,                0.92151,                0.73845,                0.82973,                0.58506,                 1.0473,              0.0088516,              0.0088516,              0.0088516
                     61,                0.86553,                0.60494,                 1.0385,                0.92429,                0.89885,                0.92392,                0.75201,                0.82534,                0.59982,                 1.0691,              0.0088318,              0.0088318,              0.0088318
                     62,                0.90234,                0.63635,                 1.0796,                0.94496,                0.89607,                0.91335,                 0.7342,                0.83484,                0.59649,                 1.0747,               0.008812,               0.008812,               0.008812
                     63,                0.88499,                0.61256,                 1.0545,                0.95597,                0.89439,                  0.934,                0.75604,                0.79508,                0.54329,                  1.061,              0.0087922,              0.0087922,              0.0087922
                     64,                0.85965,                0.59054,                  1.045,                0.94116,                0.91762,                0.91885,                0.74103,                0.84436,                0.56562,                 1.0714,              0.0087724,              0.0087724,              0.0087724
                     65,                0.85821,                  0.603,                 1.0462,                0.94132,                 0.8835,                0.93005,                0.74826,                0.83448,                0.60053,                 1.0969,              0.0087526,              0.0087526,              0.0087526
                     66,                0.86474,                0.61376,                 1.0498,                0.93578,                0.89558,                0.91992,                0.73908,                0.83783,                0.64072,                 1.0883,              0.0087328,              0.0087328,              0.0087328
                     67,                0.85463,                0.59332,                 1.0519,                0.93425,                0.89083,                0.92268,                 0.7507,                0.82879,                0.56543,                 1.0893,               0.008713,               0.008713,               0.008713
                     68,                 0.8574,                0.59965,                 1.0373,                0.94463,                0.88219,                0.92067,                0.74391,                0.82473,                0.60119,                  1.068,              0.0086932,              0.0086932,              0.0086932
                     69,                0.87896,                  0.604,                 1.0572,                0.95368,                0.88863,                0.92655,                0.75606,                0.81538,                0.55183,                   1.08,              0.0086734,              0.0086734,              0.0086734
                     70,                0.86083,                0.59603,                 1.0508,                0.93803,                 0.9009,                0.92333,                0.75718,                0.78582,                0.56519,                 1.0583,              0.0086536,              0.0086536,              0.0086536
                     71,                0.85882,                0.58487,                 1.0376,                0.92173,                0.90559,                 0.9189,                0.74557,                0.81197,                0.57941,                 1.0535,              0.0086338,              0.0086338,              0.0086338
                     72,                 0.8573,                0.59787,                 1.0339,                0.91718,                0.91773,                0.92277,                0.73869,                0.83586,                0.56295,                 1.0742,               0.008614,               0.008614,               0.008614
                     73,                0.83522,                0.54886,                 1.0245,                0.93326,                0.92058,                  0.926,                0.74102,                0.82374,                0.59561,                   1.06,              0.0085942,              0.0085942,              0.0085942
                     74,                 0.8692,                0.58504,                 1.0492,                0.92844,                0.89764,                 0.9174,                0.73982,                0.82479,                0.57569,                 1.0758,              0.0085744,              0.0085744,              0.0085744
                     75,                0.85704,                0.59956,                 1.0539,                0.92079,                 0.9078,                0.92062,                0.74334,                0.84097,                0.56889,                 1.0841,              0.0085546,              0.0085546,              0.0085546
                     76,                0.85237,                0.56991,                 1.0397,                0.93318,                0.90112,                0.92137,                0.74611,                0.82281,                0.59916,                 1.0683,              0.0085348,              0.0085348,              0.0085348
                     77,                0.85763,                0.59422,                 1.0433,                0.93528,                0.91527,                0.92724,                 0.7483,                 0.7797,                0.55593,                 1.0581,               0.008515,               0.008515,               0.008515
                     78,                0.83913,                0.56635,                 1.0346,                0.93694,                0.91328,                 0.9314,                0.74343,                0.82892,                0.52683,                   1.08,              0.0084952,              0.0084952,              0.0084952
                     79,                0.83352,                 0.5944,                 1.0283,                0.93428,                0.90795,                0.91895,                0.75139,                0.79876,                0.56052,                 1.0698,              0.0084754,              0.0084754,              0.0084754
                     80,                0.85819,                0.57706,                 1.0507,                0.93292,                0.91469,                0.93151,                0.75602,                0.79699,                0.53153,                 1.0677,              0.0084556,              0.0084556,              0.0084556
                     81,                0.85089,                 0.5821,                 1.0286,                0.94284,                0.91605,                0.92268,                0.75428,                0.79827,                0.54212,                 1.0569,              0.0084358,              0.0084358,              0.0084358
                     82,                0.84828,                0.56199,                 1.0347,                0.94565,                0.91136,                0.92426,                 0.7388,                0.81563,                0.57326,                 1.0783,               0.008416,               0.008416,               0.008416
                     83,                0.84049,                 0.5697,                 1.0288,                0.93436,                0.89937,                0.91967,                0.74841,                0.78327,                0.55594,                 1.0565,              0.0083962,              0.0083962,              0.0083962
                     84,                0.83683,                0.56996,                 1.0357,                0.96019,                0.90743,                0.92783,                0.75399,                0.81658,                0.55859,                 1.0875,              0.0083764,              0.0083764,              0.0083764
                     85,                0.83239,                0.56577,                 1.0353,                 0.9363,                0.91307,                 0.9279,                0.75148,                0.78951,                0.55724,                 1.0679,              0.0083566,              0.0083566,              0.0083566
                     86,                0.85459,                0.58698,                   1.04,                0.94014,                0.90711,                0.92042,                0.75158,                0.81338,                0.61847,                 1.0842,              0.0083368,              0.0083368,              0.0083368
                     87,                0.81838,                0.56006,                 1.0187,                0.95927,                0.90073,                 0.9342,                0.75473,                0.81801,                0.53008,                 1.0962,               0.008317,               0.008317,               0.008317
                     88,                 0.8356,                0.54384,                 1.0258,                 0.9457,                0.91402,                 0.9236,                0.74601,                0.81163,                0.54524,                 1.0799,              0.0082972,              0.0082972,              0.0082972
                     89,                0.83677,                 0.5486,                 1.0348,                0.97096,                0.89617,                0.91837,                 0.7458,                0.79878,                0.53642,                 1.0787,              0.0082774,              0.0082774,              0.0082774
                     90,                0.84329,                0.55454,                 1.0473,                0.93876,                0.88776,                0.92526,                0.75132,                0.81255,                0.58195,                 1.0926,              0.0082576,              0.0082576,              0.0082576
                     91,                0.84167,                0.57416,                 1.0385,                0.95366,                 0.9014,                0.92457,                0.75734,                0.79731,                0.52406,                 1.0698,              0.0082378,              0.0082378,              0.0082378
                     92,                0.83053,                0.58067,                 1.0393,                0.90416,                0.91937,                0.92739,                0.76175,                0.81824,                0.55463,                 1.0796,               0.008218,               0.008218,               0.008218
                     93,                0.82472,                0.57092,                 1.0292,                0.95697,                0.90077,                0.92642,                0.74524,                0.80315,                0.53399,                 1.0582,              0.0081982,              0.0081982,              0.0081982
                     94,                 0.8431,                0.55605,                 1.0317,                0.95419,                0.89287,                0.92853,                 0.7428,                0.82041,                 0.5805,                 1.0829,              0.0081784,              0.0081784,              0.0081784
                     95,                0.84853,                0.56533,                 1.0436,                0.95968,                0.89649,                0.92469,                0.74847,                0.79729,                0.56288,                 1.0723,              0.0081586,              0.0081586,              0.0081586
                     96,                0.82885,                0.55322,                 1.0274,                0.90874,                0.89366,                0.92948,                0.74676,                0.82227,                0.56508,                 1.0721,              0.0081388,              0.0081388,              0.0081388
                     97,                0.83134,                0.56786,                 1.0313,                0.94964,                 0.9124,                0.93137,                0.74685,                0.81919,                0.52034,                 1.0837,               0.008119,               0.008119,               0.008119
                     98,                0.83633,                0.55894,                 1.0328,                0.96313,                0.90369,                0.93408,                0.75089,                0.82325,                0.52262,                 1.0842,              0.0080992,              0.0080992,              0.0080992
                     99,                0.85057,                0.58678,                 1.0352,                0.94602,                0.92531,                0.93339,                0.74831,                  0.827,                0.53194,                 1.0704,              0.0080794,              0.0080794,              0.0080794
                    100,                0.80597,                0.54082,                 1.0175,                0.95242,                0.89616,                0.91925,                0.74891,                0.79188,                0.52463,                 1.0815,              0.0080596,              0.0080596,              0.0080596
                    101,                0.81278,                0.52648,                 1.0162,                0.94726,                0.89846,                0.92174,                0.74367,                0.79328,                0.49941,                 1.0705,              0.0080398,              0.0080398,              0.0080398
                    102,                0.82118,                0.54638,                 1.0258,                0.95843,                0.91032,                0.92341,                0.75044,                0.80253,                0.52933,                 1.0838,                0.00802,                0.00802,                0.00802
                    103,                0.82136,                0.55209,                 1.0227,                0.96847,                0.89826,                0.93194,                0.76277,                0.78391,                0.51423,                  1.072,              0.0080002,              0.0080002,              0.0080002
                    104,                0.80568,                0.53556,                 1.0179,                0.95795,                0.89655,                0.93018,                0.75231,                 0.8114,                0.54976,                 1.0887,              0.0079804,              0.0079804,              0.0079804
                    105,                0.80522,                0.54336,                 1.0151,                0.94811,                0.91065,                0.93156,                 0.7454,                0.80599,                0.52042,                 1.0666,              0.0079606,              0.0079606,              0.0079606
                    106,                0.79457,                0.52771,                 1.0127,                0.93199,                0.91051,                0.93141,                0.75532,                0.80918,                0.54268,                 1.0569,              0.0079408,              0.0079408,              0.0079408
                    107,                0.83298,                0.54974,                 1.0358,                0.93873,                0.90624,                0.92799,                 0.7542,                0.78978,                0.53516,                 1.0727,               0.007921,               0.007921,               0.007921
                    108,                0.82127,                0.56635,                 1.0211,                0.94985,                0.90542,                0.92971,                0.75628,                0.78421,                0.51326,                 1.0474,              0.0079012,              0.0079012,              0.0079012
                    109,                0.79291,                0.52949,                  1.001,                0.94855,                0.91116,                 0.9228,                0.75552,                0.79922,                0.52215,                 1.0657,              0.0078814,              0.0078814,              0.0078814
                    110,                0.82048,                0.55505,                 1.0257,                0.96952,                0.88603,                0.92481,                0.74809,                0.81462,                0.53576,                 1.0695,              0.0078616,              0.0078616,              0.0078616
                    111,                0.80099,                0.52539,                 1.0199,                 0.9629,                0.88146,                 0.9292,                0.75363,                0.81552,                0.51645,                 1.0765,              0.0078418,              0.0078418,              0.0078418
                    112,                0.78655,                0.51285,                 1.0116,                0.95959,                0.89604,                0.93064,                0.74846,                 0.8186,                0.53722,                 1.0969,               0.007822,               0.007822,               0.007822
                    113,                0.79966,                 0.5405,                 1.0299,                 0.9455,                0.90847,                0.92585,                0.74695,                0.82032,                0.54501,                 1.0839,              0.0078022,              0.0078022,              0.0078022
                    114,                 0.7914,                0.51726,                 1.0091,                0.97395,                0.88972,                 0.9265,                0.75386,                0.80649,                0.55148,                 1.0877,              0.0077824,              0.0077824,              0.0077824
                    115,                0.81003,                0.54034,                 1.0115,                0.96148,                0.88092,                0.92954,                0.76102,                0.80199,                0.54149,                 1.0606,              0.0077626,              0.0077626,              0.0077626
                    116,                0.80225,                0.52887,                 1.0171,                0.96254,                 0.8962,                0.91288,                0.74224,                0.80398,                0.52463,                 1.0692,              0.0077428,              0.0077428,              0.0077428
                    117,                 0.8016,                0.53754,                 1.0213,                0.94089,                0.90014,                0.91855,                0.74869,                0.80121,                0.53592,                 1.0775,               0.007723,               0.007723,               0.007723
                    118,                0.79888,                 0.5157,                 1.0125,                0.95191,                0.90607,                0.92378,                0.74096,                0.81418,                0.54834,                 1.0784,              0.0077032,              0.0077032,              0.0077032
                    119,                0.80419,                0.53761,                 1.0258,                0.95427,                0.91605,                0.92236,                0.74099,                0.81004,                0.54169,                 1.0943,              0.0076834,              0.0076834,              0.0076834
                    120,                0.78329,                0.50398,                 1.0187,                0.96065,                 0.8962,                0.92211,                0.74986,                0.81474,                 0.5418,                  1.097,              0.0076636,              0.0076636,              0.0076636
                    121,                0.81127,                0.52436,                 1.0321,                0.95789,                0.90847,                0.92687,                0.75205,                0.78731,                 0.5095,                 1.0892,              0.0076438,              0.0076438,              0.0076438
                    122,                0.78714,                0.51757,                 1.0166,                0.96551,                0.89691,                0.92897,                0.76101,                0.78729,                0.52111,                 1.0796,               0.007624,               0.007624,               0.007624
                    123,                0.78229,                0.52391,                 1.0084,                 0.9423,                0.90281,                0.92379,                0.74976,                 0.8021,                0.51587,                 1.0965,              0.0076042,              0.0076042,              0.0076042
                    124,                0.79092,                0.52087,                 1.0128,                0.96054,                0.88975,                 0.9166,                0.74908,                0.81572,                 0.5228,                 1.1062,              0.0075844,              0.0075844,              0.0075844
                    125,                0.77478,                0.51813,                 1.0172,                0.97865,                0.88634,                0.92868,                0.75486,                0.81972,                0.51562,                 1.1063,              0.0075646,              0.0075646,              0.0075646
                    126,                0.79945,                0.53786,                 1.0314,                0.95469,                0.90464,                0.93143,                0.75893,                0.81762,                0.53497,                 1.1143,              0.0075448,              0.0075448,              0.0075448
                    127,                 0.7883,                0.51498,                 1.0162,                0.94681,                0.89151,                 0.9276,                0.75086,                0.80938,                0.52455,                 1.0887,               0.007525,               0.007525,               0.007525
                    128,                0.78313,                0.50196,                 1.0094,                0.97181,                0.90643,                0.92579,                0.75346,                0.80273,                0.51687,                 1.0895,              0.0075052,              0.0075052,              0.0075052
                    129,                0.79516,                0.51335,                 1.0171,                 0.9752,                0.88747,                0.92116,                 0.7606,                0.77925,                0.51485,                 1.0716,              0.0074854,              0.0074854,              0.0074854
                    130,                0.78122,                0.51939,                 1.0121,                0.96144,                0.88367,                0.92281,                0.75591,                0.78358,                0.50969,                 1.0746,              0.0074656,              0.0074656,              0.0074656
                    131,                0.80381,                0.51639,                 1.0152,                0.95351,                0.89527,                0.91772,                0.75171,                0.81861,                0.56782,                   1.09,              0.0074458,              0.0074458,              0.0074458
                    132,                 0.7746,                0.51176,                 0.9984,                 0.9683,                0.91392,                0.92359,                0.75401,                0.78511,                0.49231,                 1.0743,               0.007426,               0.007426,               0.007426
                    133,                0.77342,                0.50116,                0.99188,                0.95551,                0.91136,                0.92826,                0.76169,                0.79277,                0.51527,                 1.0766,              0.0074062,              0.0074062,              0.0074062
                    134,                0.78043,                0.50802,                 1.0099,                0.93726,                0.91004,                0.92415,                0.75923,                0.80018,                0.53831,                 1.0759,              0.0073864,              0.0073864,              0.0073864
                    135,                0.76905,                0.49422,                0.99999,                0.96598,                0.90001,                0.92114,                0.76253,                0.79773,                0.51367,                 1.0691,              0.0073666,              0.0073666,              0.0073666
                    136,                0.77482,                0.50135,                0.99919,                0.95686,                0.90352,                 0.9304,                0.75053,                0.81753,                0.51596,                 1.0893,              0.0073468,              0.0073468,              0.0073468
                    137,                0.77848,                0.51001,                 1.0071,                0.95619,                0.90378,                0.92355,                0.75445,                0.81049,                0.50136,                 1.0976,               0.007327,               0.007327,               0.007327
                    138,                0.77693,                0.51908,                0.99778,                0.96759,                0.90378,                0.93376,                0.75877,                0.80443,                0.48086,                 1.0754,              0.0073072,              0.0073072,              0.0073072
                    139,                0.78064,                0.50764,                 1.0056,                0.96041,                 0.8962,                0.92125,                0.75287,                0.80179,                0.54724,                 1.0717,              0.0072874,              0.0072874,              0.0072874
                    140,                0.76213,                0.50162,                0.99767,                0.95943,                0.90104,                0.92786,                0.75903,                0.82137,                0.52002,                 1.0904,              0.0072676,              0.0072676,              0.0072676
                    141,                0.76815,                0.48804,                 1.0027,                0.96263,                0.90697,                0.92817,                0.75836,                0.81286,                0.51615,                 1.0868,              0.0072478,              0.0072478,              0.0072478
                    142,                0.77874,                0.50827,                 1.0063,                0.96009,                0.88863,                0.92665,                0.75773,                0.80288,                0.50453,                 1.0947,               0.007228,               0.007228,               0.007228
                    143,                0.77439,                 0.5246,                 1.0135,                0.97252,                0.88739,                0.92994,                0.75886,                0.82432,                0.53292,                 1.0971,              0.0072082,              0.0072082,              0.0072082
                    144,                0.75968,                 0.4912,                 1.0036,                0.97292,                0.88863,                0.92578,                0.75771,                 0.8031,                0.51069,                 1.0959,              0.0071884,              0.0071884,              0.0071884
                    145,                0.75734,                0.50109,                0.98945,                0.96695,                0.89738,                0.92477,                0.76425,                0.80015,                0.53528,                 1.1005,              0.0071686,              0.0071686,              0.0071686
                    146,                0.75493,                 0.4724,                0.99293,                0.97315,                0.90483,                0.92738,                0.75745,                 0.8286,                0.53561,                 1.1093,              0.0071488,              0.0071488,              0.0071488
                    147,                0.76784,                0.50326,                 1.0069,                0.97692,                0.90261,                0.92576,                0.75007,                0.81838,                0.52372,                 1.1083,               0.007129,               0.007129,               0.007129
                    148,                0.77037,                0.50235,                 1.0096,                0.96887,                0.89959,                0.92591,                0.76158,                0.78557,                0.51869,                 1.0924,              0.0071092,              0.0071092,              0.0071092
                    149,                 0.7809,                0.50305,                  1.006,                0.97486,                0.89932,                0.92907,                0.76086,                0.81356,                0.51738,                  1.081,              0.0070894,              0.0070894,              0.0070894
                    150,                0.75579,                0.48733,                0.97994,                0.96009,                 0.8962,                0.92043,                0.74769,                0.81787,                0.52968,                 1.0715,              0.0070696,              0.0070696,              0.0070696
                    151,                0.76843,                0.49732,                0.99408,                0.97289,                0.88889,                0.92868,                0.76164,                0.79405,                0.50851,                 1.0839,              0.0070498,              0.0070498,              0.0070498
                    152,                0.76021,                0.49893,                0.99938,                0.95123,                 0.9013,                0.92786,                0.75403,                0.80854,                0.50192,                 1.0888,                0.00703,                0.00703,                0.00703
                    153,                0.76436,                0.48347,                0.98526,                0.96186,                 0.9017,                0.92947,                 0.7574,                  0.794,                0.49494,                 1.0778,              0.0070102,              0.0070102,              0.0070102
                    154,                0.76511,                0.49183,                0.99689,                0.94982,                0.90364,                0.92195,                0.75574,                0.79354,                 0.5197,                 1.0718,              0.0069904,              0.0069904,              0.0069904
                    155,                0.74804,                0.50245,                 0.9862,                0.97808,                0.89796,                0.92925,                0.75954,                0.79477,                0.47221,                 1.0703,              0.0069706,              0.0069706,              0.0069706
                    156,                0.74994,                0.48003,                0.98174,                0.95086,                0.91127,                0.92743,                0.75866,                0.79916,                0.47241,                  1.069,              0.0069508,              0.0069508,              0.0069508
                    157,                 0.7534,                0.47784,                0.99097,                0.95739,                0.90753,                0.93148,                0.76465,                0.80721,                0.53361,                 1.0932,               0.006931,               0.006931,               0.006931
                    158,                 0.7565,                0.49322,                 0.9931,                0.96555,                0.90656,                0.92767,                0.76538,                0.79465,                0.50347,                 1.0795,              0.0069112,              0.0069112,              0.0069112
                    159,                0.76706,                0.49503,                0.99287,                0.96492,                 0.9037,                0.93046,                0.75882,                0.80628,                 0.5008,                 1.0738,              0.0068914,              0.0068914,              0.0068914
                    160,                0.74419,                0.48861,                 0.9814,                0.96719,                0.91127,                0.92921,                0.76218,                0.79823,                0.48986,                 1.0707,              0.0068716,              0.0068716,              0.0068716
                    161,                0.73613,                0.46761,                0.98585,                 0.9727,                0.91344,                0.93409,                0.75812,                0.82827,                0.50641,                 1.1131,              0.0068518,              0.0068518,              0.0068518
                    162,                 0.7494,                0.47656,                0.99163,                0.96653,                0.91605,                0.93347,                0.76066,                0.80186,                0.48219,                  1.094,               0.006832,               0.006832,               0.006832
                    163,                0.75058,                 0.4737,                0.99716,                0.94852,                0.91286,                0.92733,                0.75903,                0.80646,                0.50776,                 1.0986,              0.0068122,              0.0068122,              0.0068122
                    164,                0.75864,                0.47645,                0.99421,                0.96072,                0.90148,                0.92298,                0.76318,                0.81111,                0.54046,                  1.099,              0.0067924,              0.0067924,              0.0067924
                    165,                 0.7576,                0.47748,                0.99057,                0.95766,                0.91109,                0.92541,                0.76298,                0.80267,                0.50462,                 1.0891,              0.0067726,              0.0067726,              0.0067726
                    166,                0.75772,                0.50501,                0.99818,                0.96601,                0.90203,                0.92085,                0.75164,                0.81436,                0.51856,                 1.1017,              0.0067528,              0.0067528,              0.0067528
                    167,                0.75345,                0.48839,                0.99499,                0.97533,                0.90378,                0.92992,                0.75897,                0.79854,                0.47188,                 1.0841,               0.006733,               0.006733,               0.006733
                    168,                0.75255,                0.47583,                0.99816,                0.97113,                0.89607,                0.92989,                0.76527,                0.79221,                 0.4916,                 1.0921,              0.0067132,              0.0067132,              0.0067132
                    169,                0.75497,                0.46719,                0.99505,                0.95692,                0.90732,                0.92974,                0.76131,                  0.809,                0.48819,                 1.1032,              0.0066934,              0.0066934,              0.0066934
                    170,                0.73969,                0.47773,                0.98498,                 0.9464,                0.90378,                0.91888,                0.74157,                0.82161,                0.53005,                 1.1115,              0.0066736,              0.0066736,              0.0066736
                    171,                0.73904,                0.47295,                0.97764,                0.95556,                0.90378,                0.92337,                0.75341,                0.80918,                0.47968,                  1.106,              0.0066538,              0.0066538,              0.0066538
                    172,                 0.7499,                0.48335,                0.98348,                0.96876,                0.89588,                0.92477,                0.75461,                0.79804,                 0.4983,                 1.0934,               0.006634,               0.006634,               0.006634
                    173,                0.73143,                0.46338,                0.97887,                0.97738,                0.89042,                0.92039,                0.75895,                0.79189,                0.50061,                 1.0875,              0.0066142,              0.0066142,              0.0066142
                    174,                0.73781,                0.47507,                0.98371,                 0.9618,                0.89639,                0.92079,                0.75895,                0.78308,                0.50489,                 1.0868,              0.0065944,              0.0065944,              0.0065944
                    175,                0.74268,                0.47552,                0.97689,                0.96392,                 0.8962,                0.92112,                0.75315,                0.79688,                 0.5251,                 1.0815,              0.0065746,              0.0065746,              0.0065746
                    176,                0.74085,                0.49968,                0.98009,                0.96496,                0.90565,                0.92667,                0.76173,                 0.8042,                0.50472,                 1.0758,              0.0065548,              0.0065548,              0.0065548
                    177,                0.75093,                 0.4934,                0.99119,                0.97496,                0.89282,                0.92717,                0.75789,                0.81221,                0.52063,                 1.0887,               0.006535,               0.006535,               0.006535
                    178,                0.73626,                0.47104,                0.97978,                 0.9551,                0.89818,                0.93052,                0.76017,                0.80009,                0.51169,                 1.0752,              0.0065152,              0.0065152,              0.0065152
                    179,                0.72579,                0.46208,                0.97885,                0.95816,                0.89908,                0.92471,                0.76557,                0.79578,                0.49033,                 1.0773,              0.0064954,              0.0064954,              0.0064954
                    180,                 0.7347,                0.47333,                0.98215,                0.96599,                0.89908,                0.92182,                0.75306,                0.80386,                0.51319,                 1.0945,              0.0064756,              0.0064756,              0.0064756
                    181,                0.72225,                0.44497,                 0.9706,                0.97679,                 0.8968,                 0.9287,                0.76135,                0.81349,                0.49945,                 1.1075,              0.0064558,              0.0064558,              0.0064558
                    182,                0.71486,                 0.4563,                0.96771,                0.96598,                0.90517,                0.92347,                0.74985,                0.82591,                0.49988,                 1.1154,               0.006436,               0.006436,               0.006436
                    183,                0.74071,                0.47032,                0.98687,                 0.9675,                0.89319,                0.92714,                0.76146,                0.82039,                0.50045,                 1.1008,              0.0064162,              0.0064162,              0.0064162
                    184,                0.73349,                0.47112,                0.97755,                0.97622,                0.89319,                0.93422,                0.76656,                 0.8221,                0.52327,                 1.1031,              0.0063964,              0.0063964,              0.0063964
                    185,                0.73089,                0.47585,                0.98791,                0.97086,                0.89789,                0.93456,                0.75976,                0.81897,                 0.4876,                 1.1004,              0.0063766,              0.0063766,              0.0063766
                    186,                0.73554,                0.45122,                0.98195,                 0.9676,                0.91149,                0.92834,                0.75505,                0.82835,                 0.4834,                 1.1058,              0.0063568,              0.0063568,              0.0063568
                    187,                0.72141,                 0.4579,                0.97279,                0.97435,                0.89332,                0.92827,                0.75807,                0.83295,                0.49531,                 1.1128,               0.006337,               0.006337,               0.006337
                    188,                0.71874,                0.45513,                 0.9629,                0.97015,                0.89311,                0.93224,                0.76148,                0.84973,                0.50828,                 1.1268,              0.0063172,              0.0063172,              0.0063172
                    189,                0.71691,                0.44916,                0.97523,                0.96733,                0.89671,                0.92359,                0.75004,                0.83795,                0.51137,                 1.1299,              0.0062974,              0.0062974,              0.0062974
                    190,                0.71687,                0.44536,                0.97193,                 0.9636,                0.90634,                0.92796,                0.75082,                0.84048,                 0.5044,                 1.1264,              0.0062776,              0.0062776,              0.0062776
                    191,                0.71516,                 0.4453,                0.97611,                0.97013,                0.89908,                0.92922,                0.75609,                0.82266,                0.50699,                  1.123,              0.0062578,              0.0062578,              0.0062578
                    192,                0.71814,                0.44715,                0.97599,                0.96545,                0.89278,                0.93029,                0.75767,                0.81459,                0.49909,                 1.1059,               0.006238,               0.006238,               0.006238
                    193,                0.72061,                0.46501,                0.97171,                0.97315,                0.90481,                0.92858,                0.75429,                 0.8328,                0.52076,                 1.1088,              0.0062182,              0.0062182,              0.0062182
                    194,                  0.724,                0.44858,                0.97266,                0.96671,                0.89492,                0.92668,                0.75383,                0.82077,                0.52067,                  1.098,              0.0061984,              0.0061984,              0.0061984
                    195,                0.71467,                0.44911,                0.97177,                0.96297,                0.89908,                0.92602,                0.74527,                0.82179,                0.51463,                 1.0984,              0.0061786,              0.0061786,              0.0061786
                    196,                0.72835,                0.45368,                0.98413,                0.96452,                0.89626,                0.92442,                0.74557,                0.83629,                0.51385,                  1.114,              0.0061588,              0.0061588,              0.0061588
                    197,                0.72235,                0.46288,                0.96658,                0.97091,                0.89908,                0.92127,                0.74686,                0.85169,                0.51341,                 1.1368,               0.006139,               0.006139,               0.006139
                    198,                0.72517,                0.45155,                0.97351,                0.97321,                 0.8907,                 0.9211,                0.75086,                0.83784,                0.53347,                 1.1332,              0.0061192,              0.0061192,              0.0061192
                    199,                0.71001,                0.43741,                  0.961,                0.95628,                0.89248,                0.91861,                0.75465,                0.82492,                0.53834,                 1.1099,              0.0060994,              0.0060994,              0.0060994
                    200,                0.71155,                0.45895,                0.96356,                0.95172,                0.89449,                0.91644,                0.74973,                 0.8161,                0.53114,                 1.0871,              0.0060796,              0.0060796,              0.0060796
                    201,                0.73351,                0.46463,                0.96832,                0.96014,                0.89787,                0.91884,                 0.7584,                0.82565,                0.53783,                 1.1025,              0.0060598,              0.0060598,              0.0060598
                    202,                0.71698,                0.47148,                0.96191,                0.96747,                0.90976,                0.92375,                0.75181,                0.83502,                0.51246,                 1.1132,                0.00604,                0.00604,                0.00604
                    203,                0.71483,                0.45685,                0.97294,                0.96799,                0.90283,                0.92473,                0.75084,                0.83924,                0.51663,                 1.1217,              0.0060202,              0.0060202,              0.0060202
                    204,                0.71781,                0.46064,                0.97827,                0.96646,                0.90557,                0.92842,                0.75849,                0.82615,                0.52175,                 1.1167,              0.0060004,              0.0060004,              0.0060004
                    205,                0.71055,                0.43266,                0.96706,                0.96974,                0.90676,                0.93256,                0.76104,                 0.8226,                0.51506,                 1.1086,              0.0059806,              0.0059806,              0.0059806
                    206,                0.71377,                0.44415,                0.96639,                0.96756,                0.89151,                0.93115,                0.75601,                0.82965,                0.52579,                 1.1106,              0.0059608,              0.0059608,              0.0059608
                    207,                0.71241,                0.45402,                0.96505,                0.96682,                0.88923,                0.92791,                 0.7577,                0.81722,                0.51063,                 1.0987,               0.005941,               0.005941,               0.005941
                    208,                0.70385,                0.47059,                0.96128,                0.96715,                0.90295,                0.92242,                0.75139,                0.82082,                 0.5179,                 1.1078,              0.0059212,              0.0059212,              0.0059212
                    209,                  0.702,                0.43168,                0.95093,                0.96848,                0.90231,                0.92286,                0.75089,                0.82362,                0.49212,                 1.1046,              0.0059014,              0.0059014,              0.0059014
                    210,                0.70622,                 0.4486,                0.96947,                0.96833,                0.90412,                0.92516,                0.75332,                0.81891,                0.49128,                  1.102,              0.0058816,              0.0058816,              0.0058816
                    211,                0.70899,                0.45167,                0.96309,                0.95951,                0.90378,                0.92545,                  0.745,                0.82011,                0.49758,                 1.0919,              0.0058618,              0.0058618,              0.0058618
                    212,                0.69606,                0.42641,                0.95931,                0.97643,                0.91058,                0.92646,                 0.7526,                0.82129,                0.50124,                 1.0928,               0.005842,               0.005842,               0.005842
                    213,                0.70352,                0.44868,                0.95733,                0.96972,                0.90834,                  0.926,                0.74998,                0.82937,                0.49483,                 1.0987,              0.0058222,              0.0058222,              0.0058222
                    214,                0.70874,                0.45487,                0.96526,                0.98007,                0.91125,                0.92465,                0.75517,                 0.8319,                0.49294,                 1.0984,              0.0058024,              0.0058024,              0.0058024
                    215,                 0.6986,                0.45144,                0.94895,                0.97289,                 0.9096,                0.92353,                0.74885,                 0.8335,                 0.4971,                 1.0924,              0.0057826,              0.0057826,              0.0057826
                    216,                0.68886,                0.41618,                0.94281,                 0.9731,                0.89853,                0.92836,                0.75129,                0.84437,                0.49767,                 1.0913,              0.0057628,              0.0057628,              0.0057628
                    217,                0.70166,                0.42519,                0.95613,                0.97295,                0.90208,                0.93304,                0.74938,                 0.8305,                0.49154,                 1.0891,               0.005743,               0.005743,               0.005743
                    218,                0.70102,                0.44763,                0.94955,                0.96593,                0.90783,                0.93137,                 0.7504,                0.83281,                0.50634,                 1.0983,              0.0057232,              0.0057232,              0.0057232
                    219,                0.70929,                 0.4542,                0.95891,                0.94717,                0.92718,                 0.9289,                0.75328,                0.82717,                0.50938,                 1.0863,              0.0057034,              0.0057034,              0.0057034
                    220,                0.69001,                0.42471,                0.94851,                0.96461,                0.92074,                 0.9269,                0.74987,                0.82776,                0.50672,                 1.0821,              0.0056836,              0.0056836,              0.0056836
                    221,                0.70545,                 0.4473,                0.96476,                 0.9589,                0.92272,                 0.9254,                0.75063,                0.83199,                0.52519,                 1.0896,              0.0056638,              0.0056638,              0.0056638
                    222,                0.69457,                0.43364,                0.95413,                 0.9635,                0.92065,                0.92596,                 0.7539,                0.83135,                0.50809,                 1.0915,               0.005644,               0.005644,               0.005644
                    223,                0.70234,                0.43114,                0.95567,                0.97028,                0.89543,                0.92481,                0.75231,                0.82818,                0.50305,                 1.0907,              0.0056242,              0.0056242,              0.0056242
                    224,                0.69896,                0.43876,                 0.9578,                0.96891,                0.89356,                0.92342,                0.75538,                0.82161,                0.49616,                 1.0932,              0.0056044,              0.0056044,              0.0056044
                    225,                0.67733,                0.42049,                 0.9553,                0.96894,                0.89812,                0.92629,                0.74919,                 0.8346,                0.51391,                 1.1119,              0.0055846,              0.0055846,              0.0055846
                    226,                0.69792,                0.43521,                0.96221,                0.96771,                0.90097,                0.92772,                 0.7533,                0.83127,                0.50995,                 1.1071,              0.0055648,              0.0055648,              0.0055648
                    227,                0.68776,                0.43058,                0.95033,                0.96764,                0.91115,                 0.9219,                0.75808,                0.82416,                0.50117,                 1.1015,               0.005545,               0.005545,               0.005545
                    228,                 0.6905,                0.41233,                0.95416,                0.96514,                0.91159,                0.92203,                0.75142,                0.82415,                0.50335,                 1.0948,              0.0055252,              0.0055252,              0.0055252
                    229,                0.70619,                0.42467,                0.96417,                0.96469,                0.92051,                0.91934,                0.75328,                0.82967,                0.51442,                 1.0916,              0.0055054,              0.0055054,              0.0055054
                    230,                 0.6866,                0.42519,                 0.9511,                0.97043,                0.91773,                0.92184,                0.74779,                0.83102,                0.51924,                 1.0899,              0.0054856,              0.0054856,              0.0054856
                    231,                0.67844,                0.42291,                0.94097,                0.96937,                0.91419,                0.92137,                0.74272,                0.82978,                0.51224,                 1.0833,              0.0054658,              0.0054658,              0.0054658
                    232,                0.68122,                0.41772,                0.94358,                0.97014,                  0.913,                 0.9238,                0.74463,                0.82549,                0.49995,                 1.0743,               0.005446,               0.005446,               0.005446
                    233,                0.68557,                0.43157,                0.94658,                0.97097,                0.91271,                0.92215,                 0.7458,                0.83199,                0.50618,                 1.0767,              0.0054262,              0.0054262,              0.0054262
                    234,                0.68476,                0.43583,                0.95271,                0.96634,                0.90883,                0.92447,                0.75104,                0.85173,                0.51977,                 1.1017,              0.0054064,              0.0054064,              0.0054064
